[
  {
    "chickenId": "64a9efbd9556998ea45765f2",
    "farmId": "1",
    "state": "A",
    "creationDate": "2023-07-08T00:00:00.000+00:00",
    "origin": "L",
    "lastEggDate": "2023-07-08T00:00:00.000+00:00"
  },
  {
    "chickenId": "64a9efbd9556998ea45765f0",
    "farmId": "1",
    "state": "A",
    "creationDate": "2023-07-08T23:22:36.634+00:00",
    "origin": "L",
    "lastEggDate": "2023-07-08T23:22:36.634+00:00"
  },
  {
    "chickenId": "64a9efbd9556998ea45765f1",
    "farmId": "1",
    "state": "A",
    "creationDate": "2023-07-08T23:22:36.634+00:00",
    "origin": "L",
    "lastEggDate": "2023-07-08T23:22:36.634+00:00"
  }
]