[
  {
    "eggId": "64a9f08c69205ef142bede6a",
    "farmId": "1",
    "state": "A",
    "creationDate": "2023-07-08T23:26:04.200+00:00",
    "origin": "L"
  },
  {
    "eggId": "64a9f08c69205ef142bede6b",
    "farmId": "1",
    "state": "A",
    "creationDate": "2023-07-08T23:26:04.200+00:00",
    "origin": "L"
  },
  {
    "eggId": "64a9f08c69205ef142bede6c",
    "farmId": "1",
    "state": "A",
    "creationDate": "2023-07-08T23:26:04.200+00:00",
    "origin": "L"
  },
  {
    "eggId": "64a9f08c69205ef142bede6d",
    "farmId": "1",
    "state": "A",
    "creationDate": "2023-07-08T23:26:04.200+00:00",
    "origin": "L"
  },
  {
    "eggId": "64a9f08c69205ef142bede6e",
    "farmId": "1",
    "state": "A",
    "creationDate": "2023-07-08T00:00:00.000+00:00",
    "origin": "L"
  }
]